name;rut ;apellido_1;apellido_2;birthday;ranking;money;phone_number;area_id;email;password;admin;confirmation;gender
Nichole;21161308;Stephenson;Vance;1980-11-22;3;$26212.79;1-347-305-6683;0;adipiscing.enim.mi@Quisqueliberolacus.co.uk;password;0;1;MALE
Darrel;49827757;Gamble;Jenkins;1990-5-24;5;$06335.06;1-364-212-1222;1;convallis.erat@Donec.co.uk;password;0;1;OTHER
Belle;36568626;Summers;Bailey;1984-6-20;4;$11896.62;1-403-260-8194;2;et.magna.Praesent@Proin.org;password;0;1;MALE
Judah;36169129;Martin;Waller;1992-9-2;1;$83386.40;1-801-670-5640;3;quis.diam.luctus@facilisiSedneque.org;password;0;1;OTHER
Naomi;26464854;Rodgers;Jacobs;1990-10-6;4;$00419.74;1-448-803-2204;4;sem.consequat@dolor.net;password;0;1;MALE
Candace;5837408;Hall;Walton;1995-1-1;1;$45766.31;1-802-408-3355;5;Nam.ac.nulla@inaliquetlobortis.edu;password;0;1;MALE
Addison;9778864;Henderson;Hill;1992-8-6;5;$88450.40;1-690-260-7453;6;amet.consectetuer@tristique.org;password;0;1;MALE
Phelan;30964807;Michael;Harding;2000-4-1;0;$16807.97;1-770-617-0864;7;Donec.tempor@nisl.co.uk;password;0;1;OTHER
Isadora;24424304;Davenport;Burt;1983-10-1;2;$29966.28;1-634-259-9717;8;sit.amet.risus@utipsumac.ca;password;0;1;MALE
Blossom;12527149;Paul;Martinez;1983-12-19;0;$90196.75;1-751-790-0288;9;In@erat.net;password;0;1;FEMALE
Nelle;22190047;Willis;Dyer;2000-12-11;2;$36398.18;1-520-492-6481;10;Sed@posuere.co.uk;password;0;1;OTHER
Wallace;35691310;Rivera;Kaufman;1986-3-22;1;$04233.97;1-729-537-9102;11;iaculis.quis@ipsumprimisin.co.uk;password;0;1;MALE
Ivor;17798087;Benton;Spears;1983-7-22;0;$65471.57;1-267-629-3213;12;Cras@sapienimperdietornare.org;password;0;1;OTHER
Rylee;31362524;Soto;Stevenson;1996-6-17;5;$22295.80;1-933-616-8157;13;non.luctus.sit@necmollis.org;password;0;1;MALE
Ezra;15544695;Potts;Mullen;1995-12-22;1;$51991.67;1-190-116-2035;14;feugiat@nonlaciniaat.com;password;0;1;OTHER
Callum;32939587;Oneill;Cain;1985-8-13;4;$68057.83;1-398-315-1616;15;justo.nec@Etiam.ca;password;0;1;MALE
Shellie;47524655;Wheeler;Floyd;1991-11-12;5;$76818.68;1-495-747-4533;16;pretium.neque@commodo.edu;password;0;1;MALE
Victor;33730397;Sykes;Fleming;1995-10-24;5;$99967.18;1-429-313-7478;17;orci.luctus@rhoncusidmollis.co.uk;password;0;1;OTHER
Althea;38010315;Cochran;Suarez;1981-9-20;3;$49591.89;1-428-541-1894;18;elementum@tempusmauris.edu;password;0;1;FEMALE
Regan;46744950;Workman;Serrano;1990-9-20;3;$64445.75;1-546-745-6612;19;iaculis.odio.Nam@rutrummagna.co.uk;password;0;1;MALE
Adrienne;20821562;Oneal;Thompson;1991-1-14;2;$47389.46;1-676-653-0934;20;magnis.dis@estac.com;password;0;1;MALE
Shea;18333600;Colon;Todd;1992-8-8;3;$86811.95;1-476-632-1715;21;neque.In@quamquis.net;password;0;1;OTHER
Oscar;5664939;Bryant;Mcclain;2000-1-16;5;$31153.81;1-585-747-8273;22;Nunc.sed@euaugueporttitor.com;password;0;1;OTHER
Neville;40569447;Carr;Brown;2000-10-20;3;$87670.57;1-627-675-7065;23;dictum.eleifend@afeugiattellus.com;password;0;1;MALE
Avye;22610846;Mueller;Watts;1994-5-23;3;$51704.90;1-359-271-2884;24;Duis.elementum@mauris.com;password;0;1;MALE
Amethyst;11648101;Weiss;Buchanan;1993-4-25;5;$55575.76;1-393-386-9196;25;ac.sem.ut@massa.com;password;0;1;FEMALE
Jesse;23850119;Bass;Brennan;2000-1-27;2;$74463.92;1-398-488-1984;26;ultrices@necanteMaecenas.co.uk;password;0;1;FEMALE
Madeline;30132818;Vang;Gibson;1980-10-21;0;$13030.27;1-879-380-6675;27;sit.amet@tinciduntorci.edu;password;0;1;FEMALE
Lev;36028177;Rios;Crosby;1988-9-10;2;$47722.19;1-939-135-9889;28;elit@facilisisvitae.com;password;0;1;MALE
Hector;11802576;Burgess;Oneil;1999-2-22;0;$82784.16;1-635-690-3569;29;malesuada@Nullamscelerisqueneque.co.uk;password;0;1;MALE
Hashim;45750389;Harrell;Buckner;1984-5-17;3;$10236.85;1-501-476-7977;30;Curae@egetnisi.ca;password;0;1;MALE
Montana;10204710;Goff;Compton;1986-12-13;3;$06105.05;1-418-975-7850;31;nec@MaurismagnaDuis.org;password;0;1;MALE
Maya;50403223;Ford;Vang;1990-2-7;4;$72350.01;1-921-512-3093;32;aliquam.iaculis.lacus@dolorFuscemi.co.uk;password;0;1;MALE
Zachary;28735269;Gibbs;Dunlap;1992-6-20;1;$97681.26;1-666-980-4143;33;natoque.penatibus.et@Sed.co.uk;password;0;1;MALE
Denton;27645993;Bruce;Hawkins;1994-11-2;2;$26099.71;1-701-698-4484;34;ultrices@elit.co.uk;password;0;1;MALE
Raphael;13875080;Marks;Case;1991-1-1;5;$38032.98;1-773-789-7569;35;sagittis@aliquamerosturpis.ca;password;0;1;FEMALE
Ina;11024011;Kaufman;Lane;1995-7-12;5;$97490.68;1-518-455-6959;36;mus@Donecestmauris.ca;password;0;1;OTHER
Ross;7332993;Christensen;Craft;1998-10-22;4;$90374.65;1-245-988-8308;37;Quisque@eulacus.net;password;0;1;FEMALE
Melyssa;43656230;Kline;Black;1986-12-16;0;$08926.66;1-723-398-2585;38;nunc.Quisque@hendreritaarcu.net;password;0;1;OTHER
Quinn;38308164;Woodard;Morrison;1984-7-6;2;$82422.40;1-862-317-8571;39;tellus.sem.mollis@consectetuer.org;password;0;1;MALE
Elliott;49110559;Adams;Allen;1990-6-26;4;$07788.71;1-590-364-1767;40;elit@Donecat.co.uk;password;0;1;OTHER
Naomi;31219158;Finley;Potts;1995-3-12;2;$74905.37;1-534-921-6553;41;enim@ipsumcursus.org;password;0;1;MALE
Danielle;45636058;Brewer;Wilkins;1995-5-15;0;$57335.62;1-627-472-0612;42;lorem.Donec@amet.co.uk;password;0;1;OTHER
Mason;32855549;Mann;Gonzales;1983-7-13;5;$61601.55;1-160-920-0082;43;Sed.nunc@blanditcongue.ca;password;0;1;OTHER
Gloria;15053146;Rich;Herman;1985-5-9;0;$54013.22;1-589-313-5460;44;purus@eratsemper.org;password;0;1;MALE
Melyssa;22967337;Solomon;Bryant;1997-3-6;0;$94112.03;1-359-453-2249;45;accumsan@idantedictum.net;password;0;1;FEMALE
Hyatt;43962755;Mccray;Ratliff;1989-2-15;0;$52301.92;1-748-815-5274;46;Mauris@risusDonecegestas.com;password;0;1;MALE
Tad;40386813;Leon;England;1989-4-24;1;$77874.24;1-490-785-1888;47;et@aliquet.ca;password;0;1;MALE
Andrew;21976292;White;Graves;1991-4-16;4;$66179.38;1-789-189-5322;48;Donec.non@lobortisultrices.org;password;0;1;OTHER
Hayfa;46502709;Mcmahon;Velez;1982-7-8;5;$19740.24;1-367-773-2802;49;Morbi.non.sapien@ultricesposuere.ca;password;0;1;OTHER
Cooper;39943928;Weiss;Bradford;1980-1-3;0;$61533.23;1-158-726-6841;50;quam.Curabitur.vel@ipsum.com;password;0;1;OTHER
Mason;20619213;Emerson;Booker;1984-2-13;4;$93843.27;1-900-704-2510;51;mauris.Morbi.non@eu.edu;password;0;1;MALE
Lucius;33461121;Short;Swanson;1985-11-18;0;$12275.93;1-931-595-0111;52;luctus.vulputate@dictumeu.org;password;0;1;OTHER
Maite;11149701;Hammond;Giles;1990-1-13;0;$44655.86;1-829-833-7589;53;tristique@eueratsemper.net;password;0;1;FEMALE
Lesley;27642943;Garza;Sherman;1995-3-3;0;$57804.59;1-859-655-7013;54;felis.Donec@iaculisquis.net;password;0;1;FEMALE
Hayden;46560385;Forbes;Patrick;1982-7-2;0;$87383.15;1-406-981-3796;55;faucibus.orci.luctus@utsemNulla.org;password;0;1;FEMALE
Kitra;26592255;Zamora;Pennington;1999-1-15;3;$92932.30;1-226-480-4652;56;mi.tempor@velit.ca;password;0;1;MALE
Emery;14480370;Santiago;Hester;1983-6-24;5;$10547.54;1-349-494-3010;57;fermentum.convallis@lobortistellus.edu;password;0;1;MALE
Courtney;22117103;Mercado;Stevens;1998-10-21;1;$76430.70;1-478-990-6071;58;dignissim.magna@rutrum.org;password;0;1;MALE
Mercedes;9515373;Lindsey;Rivas;1994-11-27;4;$85610.26;1-664-303-9268;59;sem.magna.nec@scelerisqueduiSuspendisse.org;password;0;1;MALE
Orson;11635112;Merritt;Chandler;2000-6-10;4;$75858.09;1-623-166-4516;60;sed@semperegestas.net;password;0;1;OTHER
Flynn;13545831;Briggs;Ramirez;1995-9-27;3;$46066.21;1-657-353-2590;61;rhoncus.Nullam.velit@ipsumprimisin.co.uk;password;0;1;MALE
Xena;23118440;Kirby;Velez;1997-11-16;0;$96413.12;1-813-378-5230;62;montes.nascetur.ridiculus@interdumNuncsollicitudin.edu;password;0;1;FEMALE
Alika;24583027;Gutierrez;Guy;1990-12-23;3;$50460.22;1-427-480-4438;63;blandit@enim.co.uk;password;0;1;FEMALE
Lavinia;38256575;Brock;Schmidt;1995-3-10;4;$67720.22;1-861-345-4550;64;hendrerit.a@leoVivamus.edu;password;0;1;FEMALE
Aphrodite;5420867;Mcknight;Benson;1980-12-1;1;$19876.98;1-114-883-9151;65;nulla@tristiqueaceleifend.ca;password;0;1;MALE
Sydnee;17538486;Gilliam;Hubbard;1987-10-1;1;$31763.01;1-667-165-5931;66;magna.a.neque@semperpretiumneque.ca;password;0;1;OTHER
Hashim;18447675;Wilkins;Warren;1992-11-16;2;$74109.41;1-989-503-0165;67;vestibulum.massa.rutrum@Quisquetinciduntpede.com;password;0;1;FEMALE
Quinlan;18788527;Horton;Gillespie;1993-7-19;3;$19183.41;1-456-492-7001;68;non.vestibulum@habitantmorbi.ca;password;0;1;MALE
Shelley;20680884;Campos;Elliott;1988-12-12;1;$14415.17;1-902-587-2173;69;sed@malesuadafamesac.edu;password;0;1;OTHER
Paki;36953299;Bishop;Beasley;1988-12-9;5;$02292.09;1-523-751-8036;70;felis@nonvestibulumnec.com;password;0;1;MALE
Timon;27886470;Joyce;Hogan;1986-5-24;5;$31326.41;1-290-455-7767;71;Vivamus@mi.co.uk;password;0;1;MALE
Arthur;9091571;Dyer;Gillespie;1993-6-14;1;$55789.48;1-814-710-8770;72;nunc.risus@Nulla.com;password;0;1;FEMALE
September;16584995;Shaffer;Wilkinson;1987-1-1;1;$75878.02;1-693-847-8343;73;turpis@auctorquis.net;password;0;1;FEMALE
Carolyn;17918453;Fletcher;Odonnell;1997-6-9;3;$44492.59;1-384-602-3437;74;ante.bibendum@tristique.ca;password;0;1;MALE
Delilah;34382352;Lester;Bernard;1981-10-1;3;$67679.88;1-599-753-6814;75;mauris@sedturpisnec.com;password;0;1;MALE
Hu;41229008;Payne;Wilkinson;1990-3-20;2;$37073.11;1-525-982-7156;76;faucibus.ut@et.com;password;0;1;OTHER
Mary;38297241;Best;Bright;1983-3-16;2;$41554.56;1-770-748-9035;77;lorem.luctus.ut@nonarcuVivamus.com;password;0;1;OTHER
Karly;41878059;Goodman;Stevens;1999-8-19;5;$54423.23;1-667-981-9842;78;varius@purus.org;password;0;1;MALE
Wynne;18567973;Stephenson;Pacheco;1981-4-26;4;$53158.54;1-980-941-4514;79;molestie.sodales@aliquamadipiscinglacus.co.uk;password;0;1;OTHER
Lareina;25855308;Aguirre;Lewis;1988-8-20;0;$15822.99;1-361-670-8776;80;vitae.diam@nonnisiAenean.ca;password;0;1;OTHER
Jesse;12064700;Morin;Hyde;1995-5-23;4;$70792.93;1-767-419-1612;81;orci.consectetuer.euismod@habitantmorbi.org;password;0;1;OTHER
Quynn;5494224;Rasmussen;Blanchard;1994-6-20;1;$58938.55;1-812-854-0382;82;Duis.risus@nasceturridiculusmus.net;password;0;1;FEMALE
Owen;36300182;Kerr;Fleming;1998-10-7;3;$92655.11;1-604-443-3695;83;eget.lacus@acurna.com;password;0;1;FEMALE
India;8517067;Reynolds;Banks;1983-9-10;3;$24997.71;1-794-191-5434;84;facilisis.facilisis@Etiambibendumfermentum.org;password;0;1;FEMALE
Bertha;9208677;Anthony;Britt;1997-12-19;3;$66582.64;1-817-510-7576;85;consectetuer.cursus.et@odioPhasellusat.edu;password;0;1;MALE
Dane;33156473;Bonner;Rowe;1988-3-17;4;$12675.27;1-682-376-3735;86;Mauris@aceleifend.co.uk;password;0;1;MALE
Maggie;6914883;Carlson;Valentine;2000-7-18;1;$99684.19;1-443-200-0165;87;et@ipsumcursus.org;password;0;1;FEMALE
Caryn;5160252;Madden;Matthews;1982-8-28;1;$30566.57;1-573-722-5489;88;ac.mattis.semper@justositamet.net;password;0;1;MALE
Gay;34923007;Mcdaniel;Knox;1991-3-2;4;$02760.88;1-999-542-8575;89;sed@tinciduntvehicularisus.ca;password;0;1;FEMALE
Suki;31488885;Gonzales;Wright;1983-1-21;5;$23036.51;1-759-718-5612;90;eget.metus.eu@eu.org;password;0;1;FEMALE
Jordan;32476933;Ellison;Henson;1987-8-6;2;$66251.95;1-284-163-9334;91;rhoncus.id.mollis@vitaevelit.ca;password;0;1;OTHER
Steven;48341950;Dudley;Walters;1991-5-22;0;$20439.00;1-845-334-2158;92;vehicula.aliquet@nonquamPellentesque.edu;password;0;1;MALE
Ferdinand;50454714;Carney;Yates;1999-6-1;3;$29809.42;1-935-913-4902;93;ornare.Fusce.mollis@enimEtiam.ca;password;0;1;OTHER
Lance;41906074;Witt;Webster;1993-3-26;3;$81293.14;1-443-813-8249;94;bibendum.Donec.felis@MaurisnullaInteger.ca;password;0;1;MALE
Allegra;13814447;Brennan;Faulkner;1991-12-1;3;$68475.72;1-866-324-3812;95;tempor@nislMaecenasmalesuada.co.uk;password;0;1;FEMALE
Harlan;13307398;Mcintyre;Hickman;1994-5-27;1;$90581.58;1-387-119-6063;96;iaculis.aliquet.diam@Crasinterdum.org;password;0;1;OTHER
Halla;11006325;Burgess;Aguirre;1989-10-26;4;$51578.58;1-992-387-7403;97;dis.parturient@acfeugiatnon.net;password;0;1;OTHER
Hasad;28601253;Cleveland;Yates;1989-8-8;0;$56163.32;1-978-432-3027;98;id.ante@imperdietdictummagna.net;password;0;1;MALE
Lacey;43501223;Alford;Gray;1995-11-6;4;$81877.25;1-583-778-8812;99;et.netus@euismod.edu;password;0;1;OTHER
admin;43501223;admin;Gray;1990-7-23;4;$81877.25;1-583-778-8812;99;admin@admin.admin;password;1;1;OTHER
